itn_hex,length,names
0000,2,BASEPAGE;CAL_E2;CAL_RAM;CAL_ROM;DATA_PLT;ECI_FLT;ECM_E2S;ECM_FLT
0001,8,ECM_PN
0002,6,ROM_DATE
0003,6,CAL_DATE
0004,4,CMECTR;RUN_TIME
0006,818,DAT_PLAT;ECM_SN
0007,2,AUDIT_TR
0008,174,ADBS01;ADBS02;ADBS03;ADBS04;ADBS05;ADBS06;ADBS07;ADBS08
0009,154,ADJ_LIM;APLI00;APLI01;APLI17;APLI18;APLI19;APLI20;APLI21
000A,114,ADJ_FEAT
000B,2,ECM_STAT
000C,2,ERR_STAT
000D,2,SAFE2PRG
000E,54,CRACELSW;CRCOASSW;CRONSW;CRRESUSW;CRSERUSW;CRSETSW;DGLPFBUV;DSACSWSS
000F,16,DGBISW01;DGBISW02;DGBISW03;DGBITB01;DGBITB02;DGTJMSRI
0010,2,RUN_LOC
0011,2,RSBS01
0012,2,TOOLCOMP
0013,4,SCRBUFAD
0014,2,SCRBUFLN
0015,4,JCSPUPFG;SCRBUFCR
0017,2,FOOTPRNT
0018,4,BLK_SIZE
0019,2,BCASTTBL;JCSJBCTB
001C,4,HOUR_MTR
001D,6,DATADATE
0023,32,DG00CUDN;DG00ELTM;DG01CUDN;DG01ELTM;DG02CUDN;DG02ELTM;DG03CUDN;DG03ELTM
0024,1536,DGFUCATB
0025,1000,DG0000CB;DG0000FU;DG0001CB;DG0001FU;DG0002CB;DG0002FU;DG0003CB;DG0003FU
0026,56,DGFUIDEN
1000,2,SECRET;SEC_KEY
1001,4,JCNMLEAR
1002,4,JCNMLELE;SSKYOD
1003,600,ADADG1CA;ADADG1CC;ADADG1CS;ADADG1DT;ADADG1GD;ADADG1HE;ADADG1HL;ADADG1IC
1004,546,ADADG1FT;ADADG1RC;ADADG1UF;ADADG2FT;ADADG2RC;ADADG2UF;ADANKSFT;ADANKSRC
1005,26,DCBFCEAD;DCBFEDAD;DCBFSRAD;DCPYEDAD;DCPYSRAD;DCSS;COLLSTAT;DCTBAD
1006,58,FLLPFFTM;FLLPONTM;LCDRERCU;LCDRRVCU;LCLPFFTM;LCLPONTM;LCLPTB
1008,8,ESVSAVPE;VSPSPD
100B,66,BKLSMXEL;CMLSMXEL;CRLSMXEL;CSCKES;ESCMTT;ESCMTTBU;ESCUCF01;ESCUCF02
100C,878,CMLSEL;CRLSEL;ENGRPM;ESACBKGR;ESACGR;ESAVES;ESBKLSEL;ESBUEGTM
100E,124,SCCYCOEN;SCCYCOMK
1010,6,SAMRDSPD;VSSFRZCS
1011,64,ADSATHYA
1012,64,ADSATHXA
1013,64,ADCLTPYA
1014,64,ADCLTPXA
1015,64,ADBSPRYA
1016,64,ADBSPRXA
1017,64,ADOLPRYA
1018,64,ADOLPRXA
1019,64,ADIMTPYA
101A,2,CTZR
101B,64,ADIMTPXA
101C,64,ADGP03YA
101D,64,ADGP03XA
1022,64,ADADG1YA
1023,64,ADADG1XA
1026,64,ADBTVTYA
1027,64,ADBTVTXA
102E,2,JC22EN;JC87EN;JCBCFGLC;JCEGBCEA;JCRDBCEA
102F,14,VSFTTC;VSMN;VSMX;VSNSMR;VSNSTH;VSPRCT;VSZRVSTM
1030,2,JCSBR1LD
1031,4688,DGFUCUBF
1032,8,CKSPRP;FSOSEN;FSOSHYES;FSOSLMES
1033,2,FDFLRT
1034,4,FDFLRTOF;FDFLRTSC
1035,4,E9OS;FPFUDUCU
1036,100,ADICDTER;DGBSIRHE;DRPW01ER;DRPW02ER;DRPW03ER;DRPW04ER;DRPW05ER;ESBPLTER
1037,4,CAICTA;CAUFTA
1038,512,CAICTAZA
1039,64,ADCLXA
103A,14,CAMXFLTR;CATAMXDT;CATAMXIC;CATAMXTP;CATARMRT;CLTPEXCU;CLTPEXTD
103B,10,4DTBTA;TSFNTAST;TSOI;TSSTIC;TSTPTAST
103C,64,4DTA01YA
103D,64,4DTA01XA
103E,512,4DTA01ZA
103F,64,4DTA00YA
1040,64,4DTA00XA
1041,512,4DTA00ZA
1042,10,DAAUCTMX;DRDRRVCU;DRFTTM;DRTRTM02;DRTRTM03
1043,2,FLCRC;SSFHCRC
1044,2,SSEECRC
1045,6,FSGVFL;FSGVFLST;LSLOFG
1046,6,FSHSTZDY;FSLSTZDY;LSRFOF
1047,26,CTALSLST;CTALTH;CTCBCU;CTEVTETH;CTIVIH;CTMNSATH;CTTHID;CTTHSL
1048,26,CTCB;CTDGRZTD;CTHISATH;CTIDFTDY;CTMNAJDY;CTMXCBCU;CTTEZR;CTTHDE
1049,8,LSCIOD;LSDSRFRP
104A,22,ALPHA;APAAPRSS;APAFSS;APAPBA;APAPST;APFLDLRT;APFLRTAP;APGVAP
104B,26,APAFTRTM;APFLFTTC;APLSTMTR;APOFAAPR;APONAAPR;APRM01RT;APRM02RT;APRMBKTD
104C,2,AFFL
104D,64,AFFLLMYA
104E,64,AFFLLMXA
104F,512,AFFLLMZA
1050,4,FSDSFL;FSDSFLST
1051,14,FSFNFL;FSLMDSFL;FSLMDSST;MSCNFG;TQDQTQ;TQDQTQST;FSFNFLST;FSFNFLST
1052,8,EBFL;FSMNFL;FSMXFL;FSOSFL
1053,4,5DFL;FLINML
1054,64,5DFL01YA
1055,64,5DFL01XA
1056,512,5DFL01ZA
1057,64,5DFL00YA
1058,64,5DFL00XA
1059,512,5DFL00ZA
105A,10,FSMTFLNP;FSMXBFDP;FSMXBK;FSMXTHFL;FST0MXFL
105B,12,AFCNICTA;TSBEMLTA;TSFNSFTA;TSFNSTIC;TSFNTA;TVC
105C,10,AFICTA;EBTA;TSMXTA;TSOSTA;TSSOTA
105D,10,FLLMAHFL;FSAPLMFL;FSLMAHST;FSLMFL;FSLMFLST
105E,42,CK4DTA;CKAJIIES;CKAJIIFL;CKCLEXFL;CKCLTAIC;CKEXES;CKEXFLAJ;CKEXTA
105F,58,CKCDCLES;CKCDCLFL;CKCDCLTP;CKCDIMES;CKCDIMTA;CKCDIMTP;CKCNEXES;CKCNEXTM
1060,34,HSCNRSFL;HSDVGN;HSFTGN;HSFTTC;HSITGN;HSITRSES;HSITRSFL;HSMNFLLM
1061,18,HSACFTTC;HSAEDVGN;HSAEITGN;HSAEPPGN;HSDVFL;HSER;HSFL;HSITFL
1062,16,HSMNDPFL;HSMNRF;HSMXDPFL;HSMXRF;HSRFRMRT;HSTCDPON;SWHSG_00;SWHSG_01
1063,22,APLMES;HSBKRFAE;HSDPFG;HSDPINAE;HSDPRF;HSDPSLAE;HSRF;HSRFBEDP
1064,44,LSCNRSFL;LSDEFTTC;LSDEGN;LSDEITGN;LSDEPPGN;LSDPOFES;LSDVFTCF;LSFTGN
1065,26,LSAJRFES;LSDPGN01;LSDPGN02;LSDPSE;LSDVFL;LSER;LSEXFL;LSFL
1066,12,LSCICLTP;LSCIRFSR;LSCIRMRT;LSCITMLM;LSMNRF;LSMXRF
1067,4,LSCIRF;LSRF
1068,2,FSEGST
1069,20,SDDLCU;SDEEWRFU;SDENER;SDRMIMCP;SDRMIMSR;SDSVCP;SDSVCP02;SDSVSR
106A,8,NRESETSE;SSPURSCU;SWPS;SWRWPD
106B,114,AATBPEN;ACEN;ADV_OVER;AENBLFLG;AFENMAN;ANEN;APAFEN;APEGPNEN
106C,12,GRCRFFFG;GRGRRA;GRLDGRRA;GROGESTR;GROGGRTR;GRUSGRRA
106D,20,GRBLSP01;GRDFGRRA;GRFLTD;GRFTTC;GRMNLM;GRMXLM;GROGESOD;GROGGRDY
1072,6,LSICDTIS;LSMNESAD;LSMXESAD
1073,2,LSICBKRF
1074,14,WSBTESTD;WSBTFLTD;WSILTAOF;WSMXLMFL;WSTAMXDT;WSTAMXIC;WSTARMRT
1075,64,WSIMAI
1076,512,WSTATB
1077,6,TSBEWSTA;WSTA;WSTATA
107A,28,ASDPFG;ASDPGN01;ASDPGN02;ASETRS;ASFLHILM;ASFLLOLM;ASMNRP;ASMXRP
107B,24,AS01CF;AS02CF;AS03CF;ASCNHILM;ASCNLOLM;ASDV01GN;ASDV02GN;ASFTCF
107C,22,ASDV;ASERDC;ASFBDC;ASFL;ASFTRF;ASMXFL;ASRSST;ASSTX1
107D,10,ASDPFGCN;ASDVDELM;ASDVFTCF;ASDVLM;ASTHPFRL
107E,8,SSCRPH;SSPH
107F,6208,DGFUSITB
1080,4,DGJCFUCC;FLT2ERAS
1081,2,DRAUEN;LCFDLPEN;LCPRLPEN;LCSLPEN;LCWNLPEN;DRFLSHDR;DRFLSHDR
1082,28,DPBVMN;DPBVMX;DPBVTM;DPFL_1IJ;DPFL_2IJ;DPHYFL;DPHYMNES;DPHYMXES
1084,64,DPFPTB
1085,64,DPTVOTB
1086,64,CPBS02
1087,64,CPBS03
1088,64,CPDSXA
1089,64,CPDSYA
108A,512,CPDSZA
108B,64,CPCS01XA
108C,64,CPCS01YA
108D,64,CPCS03XA
108E,64,CPCS03YA
108F,32,AAPRSNST;BSSNPZ;CPBS01;CPDCMN;CPMNAP;CPMNES;CPMNFL;CPMNRD
1090,10,CPCYPR;CPEPIMTP;CPST;CPTAIC;TSAJ4DTA
1091,2,FSAPFSCO;MEMMRK01
1092,4,SSSWSS01;SSSWSS02
1093,2,SSSUUNAD
1094,26,LCDGFDLP;LCDGSTLP;LCDGWNLP;LCLP01MD;OCITWNFG;OCRSFG
1095,1,MEMMRK05
1096,2,CKEGSRIH
1097,502,DGAEFOBF;DGAEFUBF;DGIEFOBF;DGIEFUBF;JCFUCUDA
1098,64,NLFCFLXA
1099,64,NLFCFLYA
109A,64,ADCLFLBP
109B,64,NLCLFLYA
109C,2,NLFL
109F,2,ATFLLM
10A0,4,ATAAPRDF;ATENESTR
10A1,64,ATESXA
10A2,64,ATAAPRYA
10A3,512,ATFLLMZA
10A4,30,ASANENF;ASANODFG;ESESAC;ESFT01AC;ESFT02AC;NZESLM;NZESLMIH;NZESLMSS
10A5,48,ESFT01MN;ESFT01MX;ESFT01TC;ESFT02TC;NZCNESLM;NZESACTR;NZESDYTM;NZESFTTR
10A6,64,NZFLLMXA
10A7,64,NZFLLMYA
10A8,64,NZTALMXA
10A9,64,NZTALMYA
10AD,2,JCPBBCTB
10AE,2,JCWRPITB
10AF,2,JCPITB
10B0,46,EPCVEREN;EPCVERFG;EPCVERTM;EPCVFLSA;EPCVFLTM;EPCVFSCU;EPCVFSWT;EPCVMNSA
10B1,22,EPESLM;EPFLLM;EPFLLMSS;EPPKSO;EPRYO2SO;EPRYO2SQ;EPSQ;SHSS
10B2,30,EPCVEX;EPCVEXTM;EPCVFLET;EPCVFLFG;EPCVFLIN;EPCVFLIX;EPCVFLRI;EPCVRPET
10B3,6,EPSOAE;EPSOCU;EPSOTF
10B4,4,EPFLIXRT;EPFLSRTM
10B5,6,EPMXDQRP;EPRPDC;EPRPFTTC
10B6,78,ASJ100CF;ASJ100DV;ASJ100IT;ASJ100PP;ASJ101CF;ASJ101DV;ASJ101IT;ASJ101PP
10B7,36,EPCVCG;EPCVFLDD;EPCVFLFU;EPCVFLIC;EPCVFLSD;EPCVFLSS;EPCVMNTD;EPCVMXTD
10B9,2,EPSOMXLM
10BA,64,EPFLVSAI
10BB,64,EPFLTB
10BC,64,EPO2VSAI
10BD,64,EPO2LOTB
10BE,64,EPO2VLTB
10BF,6,FSPCLD;JCPCLD;SPT0PCLD
10C3,6,ZICNMXES;ZIFUDYTM;ZIFURMRT
10C4,2,ZILMES
10C7,4,RREN;RRPWEA
10CC,10,ISIM;ISMNCLTP;ISOUPL;ISPDLM;ISWRTMLM
10CD,10,ISOD;ISST;ISTM;ISTMSS;ISWRRQ
10CE,16,LHESFTTC;LHFLEN;LHFLRMRT;LHICFL;LHMNFL;LHMNMXFL;LHOFFL;LHSLFL
10CF,6,LHFL;LHFTES;LHMXFL
10D3,2,FSAPITAJ
10D4,8,DCCXTR;DCML;DCSDEN;DCSPMD
10DA,668,DGAAFLLF;DGAARPLF;DGBSFLLF;DGBSRPLF;DGCLLVLF;DGCLTPLF;DGFPFLLF;DGFPRPLF
10DB,49,E9ESSN;E9ESSNBU;E9KYSW;E9LP01;E9LP01SW;E9LP02SW;E9LP03SW;E9SW01
10DC,10,SSDXBY_A;SSDXBY_B;SSDXBY_C;SSDXTXBY;SSEEDXBY;SSEEOF01;SSEEOF02;SSTXMDFG
10DF,28,JCBLSP01;JCBLSP02;JCBLSP03;JCBLSP04;JCFCLD06;JCFCLDSL;JCMXT0FL;JCPKT0FL
10E0,64,JCFCAJTP
10E1,64,JCFCAJFL
10E2,24,JCFCBK03;JCFCBK04;JCFCBK05;JCFCBKRR;JCFCLDIS;JCFCLDTQ;JCLSPCTQ;JCPCPKTQ
10E3,30,JCABSA;JCARSA;JCCZSUFG;JCDFEGNM;JCDFEGSA;JCDFRDNM;JCDFRDSA;JCTRSA
10E4,3,JCSABLTB
10E5,8,JCEBSW;JCRDCOBY;JCRDLM;JCRDTQCO
10E6,4,JCRDCOID;JCRDMD;JCRDST
10E7,128,CLNTFL;JC22CCTM;JCDRDITM;JCEGDSRP;JCEGOPRP;JCEGOSTL;JCEGOSTM;JCHSODES
10E8,32,JCDSFL;JCEBDB;JCEBEA;JCEGCOBY;JCEGCOID;JCEGMD;JCEGNETY;JCEGTQCO
10EA,24,LS01BPGR;LS02BPGR;LSERGRMN;LSERGRMX;LSGRTZTM;LSHGDVGN;LSHGITGN;LSHGPPGN
10EB,6,LSJCDVGN;LSJCITGN;LSJCPPGN
10EC,6,LSDFDVGN;LSDFITGN;LSDFPPGN
10ED,18,LSAPDVGN;LSAPITGN;LSAPPPGN;LSDVGN;LSFNGNST;LSITGN;LSOVGNST;LSPPGN
10EE,24,LSAGDVGN;LSAGITGN;LSAGPPGN;LSDCTDES;LSHIVS;LSHYES;LSLGTZTM;LSLOVS
10EF,2,LSGNLGFG
10F0,14,JCCNEXMK;SSCNB0RG;SSCNB1RG;SSCNCGRG;SSCNGLMK;SSCNIFRG
10F1,4,JCCNRXFT
10F2,64,JC3BCOXA
10F3,64,JC03B2YA
10F4,64,JC03B4YA
10F5,64,JC03B6YA
10F6,64,JC2BCOXA
10F7,64,JC02B3YA
10F8,64,JC02B6YA
10F9,64,JC3B24YA
10FA,64,JC3B46YA
10FB,64,JC2B36YA
10FC,22,JCEBSILM;JCMXEBRP;JCRDISRP;JCRDISTQ;JCRDMSTQ;JCRDP3RP;JCRDP3TQ;JCRDP4RP
10FD,1,JCHSTB
10FE,1,JCAEEG
10FF,1,JCAERD
1100,10,JCEGCOSA;JCEGCOSS;JCHSTBPO;JCRDCOSA;JCRDCOSS
1101,24,JC22CU;JC22LMCU;JC22LMTM;JC22RPCU;JC22RPTM;JC22TM;JC22TQCU;JC22TQTM
1102,34,JCDRIDFL;JCDRIDTQ;JCEGIDTQ;JCEVRPP2;JCEVRPP5;JCINFCTQ;JCINISTQ;JCINP2TQ
1103,2,JCINRDTQ
1104,30,JC39P3RP;JC39P4RP;JC39P5RP;JCDQFLIS;JCDQFLP3;JCDQFLP4;JCDQFLP5;JCINPKFL
1105,2,PWMBKSPT
111B,4,JC39ENFG;JCCCBCEA;JCFEBCEA
111C,6,DCMNHIES;DCMNLOES;DCMNSHTI
111D,2,DCMNESTB
111E,2,DCMNLDTB
111F,12,DCMNLDFA;DCMNOPRN;DCMNSHNU;DCPR01TL;DCPR02TL
1120,4,DCSHPR01
1121,4,DCSHPR02
1122,20,DCLGMPTL;DCMNLGTI;DCMP01TL;DCMP02TL;DCSH01TI;DCSH02TI
1123,2,DCMNMP01
1124,2,DCMNMP02
1125,4,DCMNLGMP
1126,28,JC17RXFF;JC17RXIP;JC17RXMP;JC17RXOP;JC17TXFF;JC17TXIP;JC17TXMP;JC17TXOP
1127,4,JC17TXBF
1128,4,JC17RXBF
112B,36,ADCLTPMN;ADCLTPMX;EPCQCG;EPCQFLDD;EPCQFLFU;EPCQFLIC;EPCQFLSD;EPCQFLSS
112C,36,EPIMCG;EPIMFLDD;EPIMFLFU;EPIMFLIC;EPIMFLSD;EPIMFLSS;EPIMMNTD;EPIMMXTD
112D,36,EPO2CG;EPO2FLDD;EPO2FLFU;EPO2FLIC;EPO2FLSD;EPO2FLSS;EPO2MNTD;EPO2MXTD
112E,36,EPWFCG;EPWFFLDD;EPWFFLFU;EPWFFLIC;EPWFFLSD;EPWFFLSS;EPWFMNTD;EPWFMXTD
112F,36,EPBSCG;EPBSDFLD;EPBSFLFU;EPBSFLIC;EPBSFLSD;EPBSFLSS;EPBSMNTD;EPBSMXTD
1130,36,EPFPCG;EPFPFLDD;EPFPFLFU;EPFPFLIC;EPFPFLSD;EPFPFLSS;EPFPMNTD;EPFPMXTD
1131,36,EPFTCG;EPFTFLDD;EPFTFLFU;EPFTFLIC;EPFTFLSD;EPFTFLSS;EPFTFSDY;EPFTMNTD
1132,36,EPAACG;EPAAFLDD;EPAAFLFU;EPAAFLIC;EPAAFLSD;EPAAFLSS;EPAAMNTD;EPAAMXTD
1140,30,EPCQEX;EPCQEXTM;EPCQFLET;EPCQFLFG;EPCQFLIN;EPCQFLIX;EPCQFLRI;EPCQRPET
1141,30,EPIMEX;EPIMEXTM;EPIMFLET;EPIMFLFG;EPIMFLIN;EPIMFLIX;EPIMFLRI;EPIMRPET
1142,30,EPO2EX;EPO2EXTM;EPO2FLET;EPO2FLFG;EPO2FLIN;EPO2FLIX;EPO2FLRI;EPO2RPET
1143,30,EPWFEX;EPWFEXTM;EPWFFLET;EPWFFLFG;EPWFFLIN;EPWFFLIX;EPWFFLRI;EPWFRPET
1144,30,EPBSEX;EPBSEXTM;EPBSFLET;EPBSFLFG;EPBSFLIN;EPBSFLIX;EPBSFLRI;EPBSRPET
1145,30,EPFPEX;EPFPEXTM;EPFPFLET;EPFPFLFG;EPFPFLIN;EPFPFLIX;EPFPFLRI;EPFPRPET
1146,30,EPFTEX;EPFTEXTM;EPFTFFET;EPFTFLFG;EPFTFLIN;EPFTFLIX;EPFTRFET;EPFTRPFG
1147,30,EPAAEX;EPAAEXTM;EPAAFLET;EPAAFLFG;EPAAFLIN;EPAAFLIX;EPAAFLRI;EPAARPET
114F,46,EPCQEREN;EPCQERFG;EPCQERTM;EPCQFLSA;EPCQFLTM;EPCQFSCU;EPCQFSWT;EPCQMNSA
1150,46,EPIMEREN;EPIMERFG;EPIMERTM;EPIMFLSA;EPIMFLTM;EPIMFSCU;EPIMFSWT;EPIMMNSA
1151,46,EPO2EREN;EPO2ERFG;EPO2ERTM;EPO2FLSA;EPO2FLTM;EPO2FSCU;EPO2FSWT;EPO2MNSA
1152,46,EPWFEREN;EPWFERFG;EPWFERTM;EPWFFLSA;EPWFFLTM;EPWFFSCU;EPWFFSWT;EPWFMNSA
1153,46,EPBSEREN;EPBSERFG;EPBSERTM;EPBSFLSA;EPBSFLTM;EPBSFSCU;EPBSFSWT;EPBSMNSA
1154,46,EPFPEREN;EPFPERFG;EPFPERTM;EPFPFLSA;EPFPFLTM;EPFPFSCU;EPFPFSWT;EPFPMNSA
1155,46,EPFTEREN;EPFTERFG;EPFTERTM;EPFTFLSA;EPFTFLTM;EPFTFLWN;EPFTFSCU;EPFTMNSA
1156,46,EPAAEREN;EPAAERFG;EPAAERTM;EPAAFLSA;EPAAFLTM;EPAAFSCU;EPAAFSWT;EPAAMNSA
116A,4,DRTKBAPE;ESCOES
116B,6,DRTKODMD;DRTKODRP;DRTKPE
116C,64,ASALDPXA
116D,64,ASALDPYA
116E,64,ASDPTBXA
116F,64,ASDPTBYA
1170,58,ASAP01CF;ASAP01DP;ASAP01DV;ASAP01IT;ASAP01PP;ASAP02CF;ASAP02DP;ASAP02DV
1177,8,EECRCRAE;EECRCRAS
117D,58,AIGBS2;CRRF;CRSS;EB39CNID;EBCOAG;EBSS;EBSWLV;EBSWSS
117E,4,CRMNRUVS;IDSPSWSL
117F,40,CRMXRZ;FSPKFL;TIGAIST2;TIGAT2;TIGAT3;TIMIT2;TIMIT3;TIMP
1180,16,AUTO_ADJ;CRMXRZTN;CRSEACSW;CRUSDSSW;RSMXRZTN;VSRRAXRH;VSRRAXRL;VSRXRASP
1183,20,ARACPE;ARAFPE;ARDYTM;ARESLM;ARFLM;ARGRDC;ARPEDC;ARTMLM
1184,6,ARGR;CRARFG;CRCM
1185,12,CRBODPWD;CRGDADSZ;CRTODPWD;GRTOGR;RSBODPWD;RSTODPWD
1186,40,CRBODPOF;CRDPFLTC;CRDPRFVS;CRDVGNC2;CRDVGNCN;CRERDCHL;CRERDCLL;CRGNVSHY
1187,42,CRALDP;CRBODJ;CRBODJCL;CRBODO;CRDVGN;CRERDC;CREVBU;CRGNAD
1188,4,CRERESGN;CRGVADSZ
1189,58,CCMNFLLM;CCMXFLLM;CCRFRTNG;CCRFRTPS;CRDLFLC1;CRDLFLC3;CRDPMN;CRDPMX
118A,20,CRDVFL;CRER;CRERDP;CRESGNAU;CRETRS;CRFL;CRIAFL;CRITFL
118B,6,CRADSZ;CRDPAJRF;CRRSBS
118C,2,CRPDMVLM
118D,4,CRVS;VSESGRVS
118F,14,CRACSWAC;CRCNDTRF;CRCNICRF;CRCOSWAC;CRMNDTRF;CRMNRF;CROGDB
1190,4,CRRFOLD;CRRSVSVL
1191,2,CRRFSVPW
1195,4,GRADSZ;GRGRCS
1196,22,RSADSZ;VSMNPSPE;VSMXPSPE;VSPSIP;VSPSRP;VSRSSNTY;VSRZCS;VSTISZ
1197,4,CRMXVSRF;SRRFVS
1198,4,SSFHSRAD
1199,4,SSC1LTOB;SSCNLTOB
119A,10,JCEGNSOB;JCEGSPOB;JCRDNSOB;JCRDSPOB;JCVDRXOB
11A3,2,LSRFOF02
11A4,6,FSDSCCFL;FSDSHSFL;FSDSRSFL
11A5,64,CRGNADXA
11A6,64,CRGNADYA
11A7,28,CSBS0001;CSBS0002;CSCDCKTP;CSCDESTR;CSCKSLAJ;CSCKSLCS;CSCKTZTP;CSERFLIH
11A8,14,CMSYBKSS;CMSYFG;CMSYRSFG;CMSYSS;CRSYBKSS;CRSYSS;CSCKERBU;CSCKERCU
11A9,10,ESCWAJ;ESPGIN;ESPGSL;ESPSPGIN;ESPSPGSL
11AA,4,ESPG;ESPS00PG
11AB,14,SSC1B0RG;SSC1B1RG;SSC1CGRG;SSC1EXMK;SSC1IFRG;SSC1SDMK
11AC,2,EWLSLO
11AD,6,CSERCUMX;EPCMSYTY;ESCMSYCU;SWPAD002;SWPAD005
11AE,6,ESASOCCU;ESASOSLM;ESASOSTY;ESASRVTT;ESPADDIN
11B0,4,EPOLLOPR;EPOLVLPR
11B2,4,SSBLPH
11B5,22,CGLMRMRT;CRRZHILM;CRRZLOLM;GDHILOTD;GDLOHITD;GDOGPC1;GDOGPC2;GDTQFT
11B6,12,GDADSZ;TTGDGRRA;TTGDHIDC;TTGDHIRZ;TTGDLODC;TTGDLTRZ
11B7,6,GDAE;GDFTPRLD;GDST
11BC,4,CMEGTR
11BF,2,CTIVSWSS
11C0,2,JC39NEAE
11C1,4,JC17TMCU;JC39TMCU
11C4,6,ESMXTTCU;ESNMTTMS;ESNOTTCU;ESNOTTRA;ESPSCURS
11C5,3,CKSYERTT;CKSYERTY;MSTTFN
11C8,14,CKTTERMX;CMSNCU01;CMSNCU02;CMSNERMX;CMSNFXMX;CMSNTMCU;EGPICU02;EGPSCU01
11C9,4,CKTTCUER;CMSNCUER;CMSNFXER;CMSNTTCU
11CA,14,EPCMTY;ESCMPIIC;ESESBKRA;ESESRA;ESTDCU01;ESTDCU02;ESTDCU03;FLTACYOF
11CB,4,EGPIBKCU;EGPITTCU
11D0,64,CPCS02XA
11D1,64,CPCS02BS
11D2,512,CPCS02YA
11D4,14,MSESOD;MSESODEN;MSFNAP;MSFNODFL;MSFNODTA;MSODEN
11D5,2,AFFLMAN
11D7,20,JC39EGSA;JC39RDSA;JCEGNM;JCRDNM
11E5,10,DRPW01PE;DRPW02PE;DRPW03PE;DRPW04PE;DRPW05PE
11E6,10,DRPW01PC;DRPW02PC;DRPW03PC;DRPW04PC;DRPW05PC
11E7,10,DRPW01CN;DRPW02CN;DRPW03CN;DRPW04CN;DRPW05CN
11E9,2,DRPW01EA;DRPW02EA;DRPW03EA;DRPW04EA;DRPW05EA;DRPWEA
11EA,26,WPACFT;WPDYFG;WPDYTM;WPFUTM;WPIHFG;WPLMFG;WPO2DY;WPO2TDTM
11EB,12,LSLOCN;WPFUTMCN;WPMXTMCN;WPO2TDCN;WPO2TMCN;WPRYTMCN
11EC,64,WPFLDQYA
11ED,64,WPESXA
11EE,64,WPDYTMYA
11EF,64,WPCQXA
11F9,6,DGDCMNTM;DGWUTM;DGWUTMMX
11FA,56,DGMIFUIN
11FB,598,DGOBNCMT
11FE,10,FLCYCUII;FLCYCUPZ;FLTAPSOF;FLTAPSTT
1201,64,ASTHPFYA
1202,64,ASTHPFXA
120C,4,SCNWFNFL;TIFSRT
1211,12,DGNODC;DGNOOBSN;DGNOWC;DGPDRDCD;DGRDCD;OBDPAD1
1212,1280,DGOBFUCT
1214,28,TIESWD;TIFSSW;TIFUELSC;TIFUMK;TIFUTMTD;TIHIESTD;TIHIESTM;TIHILDTD
1215,22,JC39FLRT;JC87FLRT;TIBGBSP1;TIBGBSP2;TIEGST;TIFSFX;TIFSFXST;TIFU
1216,120,TIAVLD;TID2FU;TID2ISFU;TID2PTFU;TID2VSFU;TIDCFU;TIDCISFU;TIDCPTFU
1217,8,TIBADSZ;TIESTD;TIT2TMOF
1218,6,TIAADSZ;TIT2MIOF
1219,16,TIBRTMDY;TIDITMTD;TIFUFSMK;TIGDTMTD;TISPMNRZ;TITGTMTD
121A,12,TIAGB1;TIFE;TIITRZ
121B,116,TIAPB1;TIAVFE;TICUBR;TICUDI;TID2BRMI;TID2CRMI;TID2EZMI;TID2GDMI
121C,592,DGTPFUTB
121D,10,CSCKFXCU;CSCKMXCU;CSCKTTCM;CSCMCYCU;CSCMFXCU;CSCMMXCU
121E,10,CSCMPSCU;CSCMSYCU;CSSYSSCM;ESBUUPEN;ESCKSNOF;ESCMSNOF;ESSW0001;ESSW0002
1222,2,VSTRNSMN
1223,12,VSBRCU;VSIDCU;VSRADBCU;VSRAVSTD;VSRSTH;VSSTES
1225,4,VSBRTNCR;VSIDCR
1226,30,DGDRCY;DGFUOCDC;DGNCMNST;DGPVMNST;DGWUCYFL;LCMLFTLP;LCMLFTLP
1227,4,JCGPSS;JCMIFISS
1228,10,JCCTMR;JCFUSIID;JCNTCTMR;JCOBDG;JCVSSI
122A,2,SDDLERLM
122B,276,JCPFPIDF
122C,2,MEMMRK07
122D,2,MEMMRK06
122E,1,PAGE_2
122F,2,PAGE_1
1230,1,ACKFAULT
1231,100,PREFAULT
1233,16,DSSWUC
1234,18,DS01SWIV;DS02SWIV;DS03SWIV;DS04SWIV;DS05SWIV;DS06SWIV;DS07SWIV;DS08SWIV
1235,4,SSSMRTSR
1236,10,SSAPECSM;SSFHCAED;SSFHCASR
1238,96,BLOKDATA
123D,14,DGBSDCTR;DGBSHTTD;DGBSSRTD;DGBSWTTM;DGLSRSOF;DGLWTD;DGSTBSTD
1240,6,ESMXDCES;SWPAD004;SWPAD006
1241,4,ESSW0003;ESSW0004
1242,2,OCFUTM
1243,64,OCTDAX
1244,64,OCHRTDTB
1245,64,OCFLTDTB
1246,24,OCFLSJRS;OCFLTD;OCHIPCIT;OCHRSJRS;OCHRTD;OCMSPCIT;OCMSRSFG;OCPCITUS
1247,20,OCFLDC;OCFUSS;OCHRDC;OCRSHSIX;OCTDGAWE;OCTDHRWE
1248,2,OCERHS
1249,4,OCHRRSHS
124A,4,OCGARSHS
124B,2,OCRSTMLM
124C,64,OCMITHTB
124D,64,OCSGMLAI
124E,64,OCSGTB
124F,4,OCADJSZ;OCUOMI
1250,6,OCMISJRS;OCMITD
1251,8,OCMIDC;OCTDMIWE
1252,4,OCMIRSHS
1253,502,DG0000JC;DG0001JC;DG0002JC;DG0003JC;DG0004JC;DG0005JC;DG0006JC;DG0007JC
1254,64,CKEXESSW;JCAAPZ;JCAKPZ;JCBCFG;JCCRVSPZ;JCDG01PZ;JCDG02PZ;JCDG04PZ
1259,50,ADADG1UV;ADADG2UV;ADANKSUV;ADCLTPUV;ADCRUV;ADECSVUV;ADEGCFUV;ADESSVUV
125A,14,5DFLAJ;SCFLTNC1;SCFLTNC2;SCFLTNC3;SCFLTNC4;SCFLTNC5;SCFLTNC6
125B,4,ESCS
125C,4,TSUCICTA;TSUCTA;USC_ADV
125D,2,TSUOTA
125E,4,FSTQDQUO;FSUOFL
125F,2,FSUCFL
1260,6,APAMHYST;APAMTRIG;APUOAP
1261,2,CSEN
1262,2,EPNTDQRP
1264,70,SIAZCU;SIDXFG;SIDXMD;SIDYTR;SIFGCU;SILOMD;SIRXBF;SISUKY
1265,8,PTSLFL;PTSLFLST;PTTHDQRP;PTTHOV
1266,4,PTTHTRSZ;PTTOMXES
1271,4,TIESTM
1272,40,TIRZTM
1275,52,SICNHILM;SIDX01
1276,50,DGFUSIPI
1281,2,HSGVSPOF
1289,592,DGJCOBTB
128A,22,DGROJCTB
128B,32,DRADSZ;DRCRRZOP;DREZDC01;DREZDC02;DREZDC03;DREZDC04;DRFETD01;DRFETD02
128C,8,DRMITD;DRRWPE
128E,4,DREZDC;DRRZDC
128F,20,HSAPDVGN;HSAPFTTC;HSAPITGN;HSAPPPGN;HSAPSESL;HSGNSESL;HSSSDVGN;HSSSFTTC
1290,32,HSACRFBP;HSACRFTM;HSHIFTTC;HSHIRFTD;HSHRDVGN;HSHRITGN;HSHRPPGN;HSLOFTTC
1291,2,ECM_DC
1292,2,APPL_ID
1295,8,SWPBS_0;SWPBS_1
1296,14,SIFHSS;SIPMCU;SIPMZRCU;SIPVNO;SIRSFG
1297,2,WPMXRS
12A1,4,ESPHTD
12A2,4,ESBUIPER;ESMNIPER;ESPHDF
12A3,4,SSBLMO
12A7,46,DRFSPZ;DRR1PZ;DRR2PZ;DRR3PZ;DRR4PZ;DRR5PZ;DRR6PZ;DRR7PZ
12A8,65,ACCLFBPZ;CSA1FBPZ;CSA2FBPZ;DGLPFBPZ;DRFSFBPZ;DRR1FBPZ;DRR2FBPZ;DRR3FBPZ
12A9,2,SSBLSM
12AB,2,REL_STAT
12B4,12,TCFL;TCGRTZTR;TCID;TCSTTR01;TCSTTR02;TCTQ
12B5,28,TCATMNGR;TCGRTZTM;TCHIPCLD;TCLOPCLD;TCMNDC;TCRTCULM;TCSTESTD;TCSTRSTD
12B6,4,TCADSZ;TCBLSP01
12B7,14,TCAXTQLM;TCODTQLM;TCSTEN;TCSWTQLM;TCTMSZ;TCTQLM01;TCTQLM02
12C2,64,TCGRRAAX
12C3,64,TCTQLMTB
12CD,64,FSTQXA
12CE,64,FSTQYA
12FC,12,DSDFAKPR;DSDFAUSH;DSDFBRSW;DSDFCHSW;DSDFCRON;DSDFCRRU;DSDFCRSE;DSDFDTSW
12FD,24,DGFULPEN
138F,18,DGNOS2;DGNOS3;DGNOS4;DGNOS5;DGNOS6;DGNOS7;DGNOS8;DGNOSA
13F1,64,HG01YA
13F2,64,HG01XA
13F3,512,HG01ZA
13F4,64,HG00YA
13F5,64,HG00XA
13F6,512,HG00ZA
13F7,2,HGFL
140E,64,MTTQMPXA
1447,64,MTTQMPYA
1460,512,MTTQMPZA
1461,2,MTMPRPFL
8008,64,ADGP01XA
8009,64,ADGP01YA
800A,64,ADGP02XA
800B,64,ADGP02YA
800C,64,ADESLZXA
800D,64,ADESLZYA
800E,64,ADCRLZXA
800F,64,ADCRLZYA
8010,64,ADEGLZXA
8011,64,ADEGLZYA
8012,64,FLFLESXA
8013,64,FLFLFLYA
8014,512,FLFLTBZA
8015,64,FLTAESXA
8016,64,FLTAFUYA
8017,512,FLTATBZA
8018,12,FLFLAJC1;FLFLAJC2;FLFLAJC3;FLFLAJC4;FLFLAJC5;FLFLAJC6
8019,204,FLANERDQ;FLCADUCU;FLCKCRVT;FLCKVTTD;FLCMTAPI;FLCZTMMX;FLEEERDQ;FLERRPTD
801A,192,FLANERLM;FLC1ENFG;FLC2ENFG;FLC3ENFG;FLC4ENFG;FLC5ENFG;FLC6ENFG;FLCYCU
801D,12,FLCKSPTM;FLFLHITM;FLFLLOTM;FLFLODEN;FLFLODST;FLFLSRTM;FLRNSPTM
801E,64,ADGPENYA
801F,64,ADGPENXA
8020,64,ADGPGOYA
8021,64,ADGPGOXA
8022,64,ADVTRFYA
8023,64,ADVTRFXA
8024,64,ADEPLZYA
8025,64,ADEPLZXA
8026,64,ADWFLZYA
8027,64,ADWFLZXA
8028,64,ADTHLIYA
8029,64,ADTHLIXA
802A,64,ADANKSYA
802B,64,ADANKSXA
802C,64,ADECLZYA
802D,64,ADECLZXA
802E,64,ADADG2YA
802F,64,ADADG2XA
8030,64,ADPSLIYA
8031,64,ADPSLIXA
8032,64,ADHBLZYA
8033,64,ADHBLZXA
8034,64,ADOCLIYA
8035,64,ADOCLIXA
8036,6,FLFUDUCU;FLFUESTD;FLFUFLTD
8037,2,FLMSFL
803A,4,FLMRMNES;FLMRMNTM
803B,64,CBDTT1
803C,64,CBDTT2
803D,64,CBDCSV
803E,64,CBDC3FV
803F,512,CBDCAT
8040,64,CBDSCSV
8041,64,CBDSCFV
8042,512,CBDSCT
8043,64,CBDESBV
8044,64,CBDESBT
8045,64,CBDDFBV
8046,64,CBDDFBT
8047,64,CBDFFBV
8048,64,CBDFFBT
804B,64,CBDFBV
804C,64,CBDFBT
804D,64,CBDLBV
804E,2,CBDLBT;INDEXTBL
804F,64,CBDSBV
8050,64,CBDSBT
8051,4190,CBDAIC2;CBDARC2;CBDARC3;CBDATG;CBDAXB1;CBDAXB2;CBDAXB3;CBDAXB4
8053,104,CBDCEN;CBDCLTP;CBDDCR;CBDDST;CBDDSTM;CBDEFCN;CBDEN;CBDFFCN
8054,2,CBDDCT
8055,2,CBDI2DCT
8056,12,CBDDFT04;CBDDFTO1;CBDDFTO2;CBDDFTO3;CBDDFTO5;CBDDFTO6
8057,2,VSNSCR
8180,22,DRTXDPKD;DRTXDPKU;DRTXDWMN;DRTXDWMX;DRTXESKD;DRTXESKU;DRTXESLD;DRTXGNDW
8181,12,DRTXCSKD;DRTXCSKU;DRTXDW;DRTXKC;DRTXLD;DRTXLDOD
8182,2,DRTXTY
818E,4,BSTABELM;BSTAMNLM
818F,64,BSTABSXA
8190,64,BSTAESYA
8191,512,BSTATBZA
81A1,18,CRCOACTM;CRDBMXEA;CRDBMXES;CREADBCU;CREAFTCS;CRESVSFT;CRESVSMN;CRESVSMX
81A5,6,CDBSDF;CDCQDF;CDERDBCU;CDIMDF;CDO1DF
81A6,2,CDREMSTB
81A8,27,CDAEFUSS;CDBCFBSS;CDBSPR;CDCCSWSS;CDCLTP;CDEGST;CDFTEGRP;CDFUBY
81AA,8,CDREMS
81AB,40,CDAKSWSS;CDATXSS;CDBTTP;CDBTTPAL;CDBTTPRW;CDBTTPSS;CDMSGRER;CDMSOSER
81AC,26,CDKYONCU;CDMSVTA;CDVHIDNO
81AD,40,IHCKHTSB;IHCKHTTM;IHCKLOTM;IHCKOFES;IHCKONES;IHCKTM;IHCKTP;IHFLTD
81AE,64,IHPHSDXA
81AF,64,IHPHSDYA
81B0,64,IHPHTMXA
81B1,64,IHPHTMYA
81B2,512,IHPHTMZA
81B3,64,IHPRTMXA
81B4,64,IHPRTMYA
81B5,64,IHPSDCXA
81B6,64,IHPSDCYA
81B7,4,IHPHIC;IHPHRDRQ
81B8,16,IHDRSL;IHPH;IHPHSD;IHPHSS;IHPHTPFG;IHSS;IHTMST;IHUO
81B9,4,IHTP00;IHTP01
81BA,2,IHDFTP
81BB,40,MFATLM;MFCBEN;MFFLRMSL;MFIIFLML;MFLOLDTD;MFLSRPOF;MFMNBTTD;MFMNCLTP
81BC,36,MFC1ATNO;MFC1DCTM;MFC2ATNO;MFC2DCTM;MFC3ATNO;MFC3DCTM;MFC4ATNO;MFC4DCTM
81BE,2,MFERDBTB
81BF,2,ESCKTT
81C0,1,ESEDTTTB
81C1,1,ESCECYNO
81C2,36,ESCYTMTB
81C3,2,MFCYMPTB
81C4,2,ASNLFL
81C6,12,IHCKTR;IHDCTPTD;IHHITPTD;IHLOTPTD;IHMRST;IHTETR
81C7,30,IHBTCDML;IHBTHTML;IHESLOTD;IHESLOTM;IHMNBTTD;IHMNSRTP;IHMXBTTD;IHMXCDTP
81C8,64,IHHITPAI
81C9,512,IHHITDTB
81CA,82,DGSWTB01;DGSWTB02
81CB,6,TBMNBSPR;TBMNES;TBMNHITM
81CE,64,ASNLFLXA
81CF,64,ASNLFLYA
81D0,64,ASCLNLXA
81D1,64,ASCLNLYA
81D2,64,IHLOTPAI
81D3,512,IHLOTDTB
81D7,1620,SSECTMDX;SSECTMEA;SSECTMHE;SSECTMIC;SSECTMID;SSECTMLC;SSECTMOV
81DB,16,JC79CRES;JC79LGTH;JC79MTOL;JC79NRES;JC79RDBP;JC79RESP;JC79RLTH;JC79TXDR
81DC,29,JC79DLTH;JC79DPTR;JC79DTBF;JC79IBPS;JC79NFCT;JC79RXDR
81DD,1,JC79MODE
81DE,4,JC79M100
81DF,3,JC79M10B;JC79M10C;JC79M10D
81E0,1,JC79M1C
81E1,4,JC79M200
81E2,4,EPIMEBTR;EPIMTPFT
81E3,2,EPIMEBTM
81E4,6,ELIHVTDL;ELLPONTM;ELMNVTTD;ELRLOFTM;ELRLONTM
81E7,16,SIBPMTO;SIFLG1;SIFLG2;SIFLG3;SIFLG4;SIFLG6;SIFTFMOD;SIFTRES1
81E8,2,ADO2DYTM
81E9,2,ADO2TPAI
81EA,2,ADO2ESTB
81EE,64,FLCDTPXA
81EF,64,FLCDESYA
81F0,512,FLCDICZA
81F3,8,DGBTCKCC;DGBTCKLL;DGBTCKSE;DGBTCKST
81F9,4,EPFLTPDF;EPFTFG
81FA,2,EPFLTP
8214,16,ADHDBSPR;ADHDCLTP;ADHDIMTP;ADHDTH;ADLDBSPR;ADLDCLTP;ADLDIMTP;ADLDTH
8215,8,ADACBSPR;ADACCLTP;ADACIMTP;ADACTH
8224,6,DRBRRSRQ;DRC1RSRQ;DRC2RSRQ;DRETRSRQ;DRFSRSRQ
8225,4,CDTRMSTB
8242,28,AADFIMTP;AAFLTD;AAFRSS;AALOLDTD;AALSRSOF;AAPRHL;AAPRIDRM;AAPRLL
8243,20,AAIMTP;AAPRTPRA;AASTSS;AVBSPR;EMAAPR;EMGEBSPR;IIAAPR;MPGGBSPR
8244,64,AABSPRXA
8245,64,AABSPRYA
8246,512,AABSPRZA
824D,46,FL3CYFL;LS3CYLSO;LSAKOF;LSCLCLTP;LSCLRFSR;LSCLTPCU;LSDTRMRT;LSEXIDCT
824E,12,LS3CYLSS;LSEXIDSS;LSEXIDTR;LSEXLOIT;LSIHTR;LSTPRF
8257,64,IHPHTX1A
8258,64,IHPHTY1A
8259,512,IHPHTZ1A
825A,512,IHPRTMZA
825B,64,CKEXFLXA
825D,64,CKEXFLYA
825E,512,CKEXFLZA
825F,64,CKIIFLXA
8260,64,CKIIFLYA
8261,512,CKIIFLZA
8262,64,CKIIESXA
8263,64,CKIIESYA
8264,10,CRCOSS;CRDNSS;CREA;CRESVSRA;CRONSWM
8265,4,EXE_DATE
826A,64,ADCLAAYA
826B,64,WSAAAI
82B7,16,IRCQCLTP;IRCQDCTD;IRCQHIVT;IRCQIMTP;IRCQLOVT;IRCQMNTD;IRCQMXTD;IRCQMXTI
82B8,6,IRCQMRST;IRCQTETR;IRDCCLTP
82B9,16,CLAVLDFA;CLMNIMTP;CLMRST;CLMXWUTM;CLSRBTTP;CLSRCLTP;CLSRIMTP;CLTETR
82BA,16,CLDUMMY1;CLMNAVLD;CLMNSRTP;CLMXBTDT;CLMXDCTP;CLMXSRTM;CLMXSRTP;CLWUTPTD
82BB,64,CLSRTPAI
82BC,64,CLWUTMTB
82BD,64,IHLOAAAI
82BE,64,IHHIAAAI
82BF,14,RRAXVSTD;TCOSHL;TCOSLL;TCOSTD;TXOSSCS
82C0,64,TCSTESXA
82C1,64,TCSTESYA
82C2,512,TCSTESZA
82C3,6,PRNUSS;RRAXRADT;TCSTDQES;TXOSS
82C4,4,TCOSRTCS
82C7,4,VSBKERCU;VSBKOCCU
82C8,6,CDBRSWSS;VSBKHICU;VSBKLOCU
82C9,6,JC79M900;JC79M903;JC79M905
82CA,2,DGBSSRHE
82D2,64,WSTAYA
82D3,64,WSTAXA
82D4,512,WSTAZA
FFFF,2,MEMMRK02;MEMMRK08;MEMMRK09;PAGE_4;PAGE_5
